[
    {
        "id": "PT2030-COMPETE-2024-INOVACAO",
        "nome": "COMPETE 2030 - Inovação Produtiva",
        "portal": "PORTUGAL2030",
        "programa": "COMPETE 2030",
        "dataFimSubmissao": "2025-03-31T23:59:59.000Z",
        "link": "https://portugal2030.pt/compete",
        "taxa": "45-75%",
        "criterios": {
            "dimensao": [
                "MICRO",
                "PEQUENA",
                "MEDIA"
            ],
            "caePrefixos": [
                "10",
                "11",
                "13",
                "14",
                "15",
                "16",
                "17",
                "18",
                "20",
                "21",
                "22",
                "23",
                "24",
                "25",
                "26",
                "27",
                "28",
                "29",
                "30",
                "31",
                "32",
                "33"
            ],
            "regioes": [
                "Norte",
                "Centro",
                "Alentejo",
                "Algarve"
            ],
            "tiposProjeto": [
                "inovacao",
                "producao"
            ],
            "investimentoMin": 25000,
            "investimentoMax": 25000000
        },
        "documentosNecessarios": [
            "certificado_pme",
            "certidao_at",
            "certidao_ss",
            "balanco"
        ]
    },
    {
        "id": "PT2030-COMPETE-2024-DIGITAL",
        "nome": "COMPETE 2030 - Transição Digital",
        "portal": "PORTUGAL2030",
        "programa": "COMPETE 2030",
        "dataFimSubmissao": "2025-04-30T23:59:59.000Z",
        "link": "https://portugal2030.pt/compete-digital",
        "taxa": "50-75%",
        "criterios": {
            "dimensao": [
                "MICRO",
                "PEQUENA",
                "MEDIA"
            ],
            "caePrefixos": [
                "62",
                "63",
                "58",
                "59",
                "60",
                "61",
                "72",
                "73",
                "74"
            ],
            "regioes": [
                "Norte",
                "Centro",
                "Alentejo",
                "Algarve",
                "Lisboa"
            ],
            "tiposProjeto": [
                "digital",
                "inovacao"
            ],
            "investimentoMin": 10000,
            "investimentoMax": 500000
        },
        "documentosNecessarios": [
            "certificado_pme",
            "certidao_at"
        ]
    },
    {
        "id": "PRR-2024-TRANSICAO-DIGITAL",
        "nome": "PRR - Transição Digital das Empresas",
        "portal": "PRR",
        "programa": "Plano de Recuperação e Resiliência",
        "dataFimSubmissao": "2025-06-30T23:59:59.000Z",
        "link": "https://recuperarportugal.gov.pt/",
        "taxa": "50%",
        "criterios": {
            "dimensao": [
                "MICRO",
                "PEQUENA",
                "MEDIA",
                "GRANDE"
            ],
            "caePrefixos": [
                "10",
                "11",
                "13",
                "14",
                "15",
                "16",
                "17",
                "18",
                "20",
                "21",
                "22",
                "23",
                "24",
                "25",
                "26",
                "27",
                "28",
                "29",
                "30",
                "31",
                "32",
                "33",
                "45",
                "46",
                "47",
                "55",
                "56",
                "62",
                "63"
            ],
            "regioes": null,
            "tiposProjeto": [
                "digital"
            ],
            "investimentoMin": 5000,
            "investimentoMax": 200000
        },
        "documentosNecessarios": [
            "certidao_at",
            "certidao_ss"
        ]
    },
    {
        "id": "PT2030-INTERNACIONALIZACAO-2024",
        "nome": "PT2030 - Internacionalização PME",
        "portal": "PORTUGAL2030",
        "programa": "Internacionalização",
        "dataFimSubmissao": "2025-05-15T23:59:59.000Z",
        "link": "https://portugal2030.pt/internacionalizacao",
        "taxa": "45-65%",
        "criterios": {
            "dimensao": [
                "MICRO",
                "PEQUENA",
                "MEDIA"
            ],
            "caePrefixos": [
                "10",
                "11",
                "13",
                "14",
                "15",
                "16",
                "17",
                "18",
                "20",
                "21",
                "22",
                "23",
                "24",
                "25",
                "26",
                "27",
                "28",
                "29",
                "30",
                "31",
                "32",
                "33",
                "46",
                "62",
                "63",
                "72",
                "73"
            ],
            "regioes": null,
            "tiposProjeto": [
                "internacional"
            ],
            "investimentoMin": 15000,
            "investimentoMax": 500000
        },
        "documentosNecessarios": [
            "certificado_pme",
            "certidao_at",
            "certidao_ss",
            "plano_exportacao"
        ]
    },
    {
        "id": "PEPAC-2024-AGRICULTURA",
        "nome": "PEPAC - Modernização Agrícola",
        "portal": "PEPAC",
        "programa": "Plano Estratégico PAC",
        "dataFimSubmissao": "2025-07-31T23:59:59.000Z",
        "link": "https://www.pepac.gov.pt/",
        "taxa": "40-65%",
        "criterios": {
            "dimensao": [
                "MICRO",
                "PEQUENA",
                "MEDIA"
            ],
            "caePrefixos": [
                "01",
                "02",
                "03"
            ],
            "regioes": null,
            "tiposProjeto": [
                "inovacao",
                "sustentabilidade",
                "producao"
            ],
            "investimentoMin": 5000,
            "investimentoMax": 1000000
        },
        "documentosNecessarios": [
            "certidao_at",
            "certidao_ss",
            "licenca_exploracao"
        ]
    }
]