[
  {
    "id": "PEPAC_INVESTIMENTO_EXPLORACAO_2024",
    "titulo": "Investimento na Exploração Agrícola - Aviso N.º 1/2024",
    "descricao": "Apoio ao investimento em explorações agrícolas para modernização de equipamentos, construção de infraestruturas produtivas e implementação de práticas agrícolas sustentáveis.",
    "fonte": "PEPAC",
    "programa": "PEPAC 2023-2027",
    "linha": "Investimento Agrícola",
    "data_abertura": "2024-10-01",
    "data_fecho": "2025-12-31",
    "montante_total": "150000000",
    "montante_min": "5000",
    "montante_max": "500000",
    "taxa_apoio": "50",
    "regiao": "Nacional",
    "setor": "Agricultura",
    "url": "https://www.ifap.pt/avisos/investimento-exploracao",
    "pdf_url": "https://www.ifap.pt/documents/Aviso_1_2024_Investimento.pdf",
    "status": "Aberto",
    "tipo_beneficiario": "Agricultores individuais e coletivos",
    "elegibilidade": "Agricultores com exploração registada no IFAP",
    "documentos_necessarios": [
      "Formulário IFAP",
      "Parcelário atualizado",
      "Plano de exploração",
      "Licenciamento"
    ],
    "keywords": [
      "agricultura",
      "investimento",
      "modernização",
      "exploração",
      "sustentável"
    ],
    "scraped_at": "2025-12-10T21:29:12.120Z"
  },
  {
    "id": "PEPAC_JOVENS_AGRICULTORES_2024",
    "titulo": "Jovens Agricultores - Primeira Instalação",
    "descricao": "Prémio para apoio à instalação de jovens agricultores, incluindo prémio à instalação e apoio ao investimento em explorações agrícolas viáveis.",
    "fonte": "PEPAC",
    "programa": "PEPAC 2023-2027",
    "linha": "Jovens Agricultores",
    "data_abertura": "2024-09-15",
    "data_fecho": "2025-12-31",
    "montante_total": "100000000",
    "montante_min": "20000",
    "montante_max": "100000",
    "taxa_apoio": "100",
    "regiao": "Nacional",
    "setor": "Agricultura",
    "url": "https://www.ifap.pt/avisos/jovens-agricultores",
    "pdf_url": "https://www.ifap.pt/documents/Aviso_JA_2024.pdf",
    "status": "Aberto",
    "tipo_beneficiario": "Jovens agricultores (18-40 anos)",
    "elegibilidade": "Idade entre 18 e 40 anos, formação agrícola ou compromisso de adquirir",
    "documentos_necessarios": [
      "BI/CC",
      "Plano empresarial",
      "Certificados formação",
      "Parcelário"
    ],
    "keywords": [
      "jovens",
      "instalação",
      "prémio",
      "agricultura",
      "emprego rural"
    ],
    "scraped_at": "2025-12-10T21:29:12.120Z"
  },
  {
    "id": "PEPAC_REGADIO_2024",
    "titulo": "Infraestruturas Coletivas de Regadio",
    "descricao": "Apoio ao investimento em infraestruturas coletivas de regadio, incluindo sistemas de distribuição, reservatórios e equipamentos de gestão da água.",
    "fonte": "PEPAC",
    "programa": "PEPAC 2023-2027",
    "linha": "Regadio",
    "data_abertura": "2024-08-01",
    "data_fecho": "2025-12-31",
    "montante_total": "80000000",
    "montante_min": "50000",
    "montante_max": "2000000",
    "taxa_apoio": "75",
    "regiao": "Nacional",
    "setor": "Agricultura",
    "url": "https://www.ifap.pt/avisos/regadio-coletivo",
    "status": "Aberto",
    "tipo_beneficiario": "Associações de regantes, OPs",
    "elegibilidade": "Organizações de produtores ou associações de regantes",
    "documentos_necessarios": [
      "Estatutos",
      "Projeto técnico",
      "Licenciamento APA",
      "Orçamentos"
    ],
    "keywords": [
      "regadio",
      "água",
      "infraestruturas",
      "coletivo",
      "irrigação"
    ],
    "scraped_at": "2025-12-10T21:29:12.120Z"
  },
  {
    "id": "PEPAC_FLORESTA_2024",
    "titulo": "Prevenção e Restauro de Florestas",
    "descricao": "Apoio à prevenção de riscos naturais e restauro de áreas florestais afetadas por incêndios, incluindo limpeza de matos e plantação de espécies autóctones.",
    "fonte": "PEPAC",
    "programa": "PEPAC 2023-2027",
    "linha": "Floresta",
    "data_abertura": "2024-11-01",
    "data_fecho": "2025-12-31",
    "montante_total": "60000000",
    "montante_min": "10000",
    "montante_max": "400000",
    "taxa_apoio": "85",
    "regiao": "Nacional",
    "setor": "Floresta",
    "url": "https://www.ifap.pt/avisos/floresta-prevencao",
    "status": "Aberto",
    "tipo_beneficiario": "Produtores florestais",
    "elegibilidade": "Detentores de terrenos florestais registados",
    "documentos_necessarios": [
      "Caderneta predial",
      "Plano de gestão florestal",
      "Orçamentos"
    ],
    "keywords": [
      "floresta",
      "prevenção",
      "incêndios",
      "restauro",
      "autóctone"
    ],
    "scraped_at": "2025-12-10T21:29:12.120Z"
  },
  {
    "id": "PEPAC_BIO_2024",
    "titulo": "Apoio à Agricultura Biológica",
    "descricao": "Pagamento anual por hectare para agricultores que adotem ou mantenham práticas de agricultura biológica certificada.",
    "fonte": "PEPAC",
    "programa": "PEPAC 2023-2027",
    "linha": "Agricultura Biológica",
    "data_abertura": "2024-06-01",
    "data_fecho": "2025-12-31",
    "montante_total": "120000000",
    "montante_min": "1000",
    "montante_max": "200000",
    "taxa_apoio": "100",
    "regiao": "Nacional",
    "setor": "Agricultura Biológica",
    "url": "https://www.ifap.pt/avisos/agricultura-biologica",
    "status": "Aberto",
    "tipo_beneficiario": "Agricultores com certificação biológica",
    "elegibilidade": "Exploração com certificação biológica ou em conversão",
    "documentos_necessarios": [
      "Certificado biológico",
      "Parcelário",
      "Plano de produção"
    ],
    "keywords": [
      "biológico",
      "orgânico",
      "sustentável",
      "certificação",
      "ambiente"
    ],
    "scraped_at": "2025-12-10T21:29:12.120Z"
  },
  {
    "id": "PEPAC_TRANSFORMACAO_2024",
    "titulo": "Investimento na Transformação e Comercialização de Produtos Agrícolas",
    "descricao": "Apoio ao investimento em unidades de transformação e comercialização de produtos agrícolas, incluindo equipamentos, instalações e certificações de qualidade.",
    "fonte": "PEPAC",
    "programa": "PEPAC 2023-2027",
    "linha": "Agroindústria",
    "data_abertura": "2024-10-15",
    "data_fecho": "2025-12-31",
    "montante_total": "90000000",
    "montante_min": "25000",
    "montante_max": "1500000",
    "taxa_apoio": "45",
    "regiao": "Nacional",
    "setor": "Agroindústria",
    "url": "https://www.ifap.pt/avisos/transformacao-comercializacao",
    "status": "Aberto",
    "tipo_beneficiario": "PME agroindustriais",
    "elegibilidade": "Empresas transformadoras de produtos agrícolas",
    "documentos_necessarios": [
      "Projeto investimento",
      "Licenciamento industrial",
      "Certidão Permanente"
    ],
    "keywords": [
      "transformação",
      "comercialização",
      "agroindústria",
      "qualidade",
      "valor acrescentado"
    ],
    "scraped_at": "2025-12-10T21:29:12.120Z"
  }
]