[
  {
    "id": "PT2030_SI_INOVACAO_2024",
    "titulo": "SI Inovação Produtiva - Aviso N.º 01/C05-i01/2024",
    "descricao": "Apoio a projetos de inovação produtiva que visem a produção de novos bens e serviços, promovendo a internacionalização e a criação de emprego qualificado.",
    "fonte": "Portugal 2030",
    "programa": "COMPETE 2030",
    "linha": "Inovação Produtiva",
    "data_abertura": "2024-11-01",
    "data_fecho": "2025-12-31",
    "montante_total": "200000000",
    "montante_min": "250000",
    "montante_max": "25000000",
    "taxa_apoio": "45",
    "regiao": "Norte, Centro, Alentejo",
    "setor": "Indústria Transformadora",
    "url": "https://www.compete2030.gov.pt/avisos/si-inovacao-produtiva",
    "pdf_url": "https://www.compete2030.gov.pt/media/avisos/SI_Inovacao_Aviso_01_2024.pdf",
    "status": "Aberto",
    "tipo_beneficiario": "PME e Grandes Empresas",
    "elegibilidade": "Empresas do setor industrial com CAE elegível",
    "documentos_necessarios": [
      "Formulário candidatura",
      "Certidão Permanente",
      "IES",
      "Declaração Compromisso Honra"
    ],
    "keywords": [
      "inovação",
      "produção",
      "indústria",
      "emprego",
      "internacionalização"
    ],
    "scraped_at": "2025-12-10T21:29:08.041Z",
    "pdf_local": "/Users/bilal/Programaçao/TA consulting pltaform ai/TA-Consulting-Platform/data/pdfs/PT2030_SI_INOVACAO_2024.pdf"
  },
  {
    "id": "PT2030_QUALIFICACAO_2024",
    "titulo": "SI Qualificação e Internacionalização de PME",
    "descricao": "Apoio à qualificação e internacionalização das PME, incluindo processos de certificação, propriedade industrial e desenvolvimento organizacional.",
    "fonte": "Portugal 2030",
    "programa": "COMPETE 2030",
    "linha": "Qualificação PME",
    "data_abertura": "2024-10-15",
    "data_fecho": "2025-12-31",
    "montante_total": "75000000",
    "montante_min": "25000",
    "montante_max": "500000",
    "taxa_apoio": "50",
    "regiao": "Nacional",
    "setor": "Serviços e Comércio",
    "url": "https://www.compete2030.gov.pt/avisos/qualificacao-pme",
    "status": "Aberto",
    "tipo_beneficiario": "PME",
    "elegibilidade": "PME com 2 anos de atividade",
    "documentos_necessarios": [
      "Formulário",
      "Certidão Permanente",
      "Balanço e DR"
    ],
    "keywords": [
      "qualificação",
      "internacionalização",
      "PME",
      "certificação",
      "exportação"
    ],
    "scraped_at": "2025-12-10T21:29:08.041Z"
  },
  {
    "id": "PT2030_DIGITAL_2024",
    "titulo": "Aviso Transição Digital das Empresas",
    "descricao": "Apoio à transformação digital das empresas, incluindo implementação de sistemas de gestão, e-commerce, cibersegurança e automação de processos.",
    "fonte": "Portugal 2030",
    "programa": "Programa Crescimento Sustentável",
    "linha": "Transição Digital",
    "data_abertura": "2024-09-01",
    "data_fecho": "2025-12-31",
    "montante_total": "150000000",
    "montante_min": "10000",
    "montante_max": "1000000",
    "taxa_apoio": "75",
    "regiao": "Nacional",
    "setor": "Todos os setores",
    "url": "https://portugal2030.pt/avisos/transicao-digital",
    "status": "Aberto",
    "tipo_beneficiario": "Micro, Pequenas e Médias Empresas",
    "elegibilidade": "PME com contabilidade organizada",
    "documentos_necessarios": [
      "Formulário digital",
      "Plano de digitalização",
      "Orçamentos"
    ],
    "keywords": [
      "digital",
      "tecnologia",
      "automação",
      "e-commerce",
      "cibersegurança"
    ],
    "scraped_at": "2025-12-10T21:29:08.041Z"
  },
  {
    "id": "PT2030_I&D_2024",
    "titulo": "Projetos de I&D em Co-Promoção",
    "descricao": "Apoio a projetos de investigação e desenvolvimento tecnológico realizados em consórcio entre empresas e entidades do sistema científico.",
    "fonte": "Portugal 2030",
    "programa": "COMPETE 2030",
    "linha": "I&D Empresarial",
    "data_abertura": "2024-11-15",
    "data_fecho": "2025-12-31",
    "montante_total": "100000000",
    "montante_min": "100000",
    "montante_max": "3000000",
    "taxa_apoio": "65",
    "regiao": "Nacional",
    "setor": "I&D e Tecnologia",
    "url": "https://www.compete2030.gov.pt/avisos/id-copromocao",
    "pdf_url": "https://www.compete2030.gov.pt/media/avisos/ID_Copromocao_Aviso.pdf",
    "status": "Aberto",
    "tipo_beneficiario": "Consórcios Empresa-Universidade",
    "elegibilidade": "Consórcios com pelo menos 1 empresa e 1 entidade SCTN",
    "documentos_necessarios": [
      "Contrato consórcio",
      "Plano de trabalhos",
      "CVs equipa"
    ],
    "keywords": [
      "investigação",
      "desenvolvimento",
      "inovação",
      "tecnologia",
      "universidade"
    ],
    "scraped_at": "2025-12-10T21:29:08.041Z",
    "pdf_local": "/Users/bilal/Programaçao/TA consulting pltaform ai/TA-Consulting-Platform/data/pdfs/PT2030_I&D_2024.pdf"
  },
  {
    "id": "PT2030_EFICIENCIA_ENERGETICA_2024",
    "titulo": "Eficiência Energética na Indústria",
    "descricao": "Incentivo ao investimento em eficiência energética, descarbonização e produção de energia renovável para autoconsumo no setor industrial.",
    "fonte": "Portugal 2030",
    "programa": "Fundo Ambiental",
    "linha": "Descarbonização",
    "data_abertura": "2024-10-01",
    "data_fecho": "2025-12-31",
    "montante_total": "80000000",
    "montante_min": "50000",
    "montante_max": "2000000",
    "taxa_apoio": "55",
    "regiao": "Nacional",
    "setor": "Indústria",
    "url": "https://portugal2030.pt/avisos/eficiencia-energetica",
    "status": "Aberto",
    "tipo_beneficiario": "Empresas Industriais",
    "elegibilidade": "Empresas com consumo energético significativo",
    "documentos_necessarios": [
      "Auditoria energética",
      "Projeto técnico",
      "Licenciamento"
    ],
    "keywords": [
      "energia",
      "eficiência",
      "renovável",
      "solar",
      "descarbonização"
    ],
    "scraped_at": "2025-12-10T21:29:08.041Z"
  }
]