[
  {
    "type": "aviso",
    "id": "PRR_IAPMEI_transicao_digital_1765409806739",
    "titulo": "Transição Digital",
    "descricao": "Programa de incentivo PRR via IAPMEI",
    "fonte": "PRR",
    "programa": "PRR - IAPMEI",
    "linha": "Incentivos Empresariais",
    "data_abertura": "2025-12-10",
    "data_fecho": "2026-03-10",
    "montante_total": "0",
    "montante_min": "25000",
    "montante_max": "1000000",
    "taxa_apoio": "50",
    "regiao": [
      "Nacional"
    ],
    "setor": [
      "Indústria",
      "Serviços"
    ],
    "tipo_beneficiario": [
      "PME"
    ],
    "url": "/PRODUTOS-E-SERVICOS/Industria-e-Sustentabilidade/Transformacao-digital.aspx",
    "anexos": [],
    "status": "Aberto",
    "elegibilidade": "PME com projeto elegível",
    "documentos_necessarios": [
      "Formulário IAPMEI",
      "Projeto"
    ],
    "keywords": [
      "prr",
      "iapmei",
      "pme",
      "incentivo"
    ],
    "scraped_at": "2025-12-10T23:36:46.739Z"
  }
]